A,open,133.4499969482422
A,close,135.42999267578125
A,volume,2032800.0
AAL,open,12.9399995803833
AAL,close,13.640000343322754
AAL,volume,45022300.0
AAP,open,124.9000015258789
AAP,close,125.52999877929688
AAP,volume,675100.0
AAPL,open,168.49000549316406
AAPL,close,169.67999267578125
AAPL,volume,55209200.0
ABBV,open,147.97000122070312
ABBV,close,151.1199951171875
ABBV,volume,7123800.0
ABC,open,167.08999633789062
ABC,close,166.85000610351562
ABC,volume,988700.0
ABT,open,109.44000244140625
ABT,close,110.47000122070312
ABT,volume,4835900.0
ACGL,open,73.62000274658203
ACGL,close,75.06999969482422
ACGL,volume,2204700.0
ACN,open,273.7200012207031
ACN,close,280.2900085449219
ACN,volume,2084500.0
ADBE,open,371.4200134277344
ADBE,close,377.55999755859375
ADBE,volume,2061200.0
ADI,open,177.63999938964844
ADI,close,179.8800048828125
ADI,volume,3167800.0
ADM,open,77.55999755859375
ADM,close,78.08000183105469
ADM,volume,3474600.0
ADP,open,216.49000549316406
ADP,close,220.0
ADP,volume,2427800.0
ADSK,open,189.4199981689453
ADSK,close,194.7899932861328
ADSK,volume,1138700.0
AEE,open,89.62999725341797
AEE,close,88.97000122070312
AEE,volume,873200.0
AEP,open,92.62000274658203
AEP,close,92.41999816894531
AEP,volume,2621300.0
AES,open,23.31999969482422
AES,close,23.65999984741211
AES,volume,3752900.0
AFL,open,69.43000030517578
AFL,close,69.8499984741211
AFL,volume,4197900.0
AIG,open,51.77000045776367
AIG,close,53.040000915527344
AIG,volume,3508200.0
AIZ,open,120.30999755859375
AIZ,close,123.12999725341797
AIZ,volume,477700.0
AJG,open,208.0500030517578
AJG,close,208.05999755859375
AJG,volume,1675600.0
AKAM,open,81.19999694824219
AKAM,close,81.97000122070312
AKAM,volume,1152500.0
ALB,open,185.3000030517578
ALB,close,185.4600067138672
ALB,volume,2516500.0
ALGN,open,317.0199890136719
ALGN,close,325.29998779296875
ALGN,volume,1098600.0
ALK,open,43.09000015258789
ALK,close,43.459999084472656
ALK,volume,1893900.0
ALL,open,115.7699966430664
ALL,close,115.76000213623047
ALL,volume,2228700.0
ALLE,open,111.30000305175781
ALLE,close,110.4800033569336
ALLE,volume,1233000.0
AMAT,open,111.69999694824219
AMAT,close,113.02999877929688
AMAT,volume,8063500.0
AMCR,open,10.90999984741211
AMCR,close,10.970000267028809
AMCR,volume,12331800.0
AMD,open,87.0199966430664
AMD,close,89.37000274658203
AMD,volume,50652100.0
AME,open,136.88999938964844
AME,close,137.92999267578125
AME,volume,1412900.0
AMGN,open,236.82000732421875
AMGN,close,239.74000549316406
AMGN,volume,2721400.0
AMP,open,300.6600036621094
AMP,close,305.1199951171875
AMP,volume,594200.0
AMT,open,205.66000366210938
AMT,close,204.38999938964844
AMT,volume,2082300.0
AMZN,open,107.7300033569336
AMZN,close,105.44999694824219
AMZN,volume,130565000.0
ANET,open,156.0
ANET,close,160.16000366210938
ANET,volume,2385000.0
ANSS,open,313.489990234375
ANSS,close,313.9200134277344
ANSS,volume,493700.0
AON,open,327.7900085449219
AON,close,325.17999267578125
AON,volume,1451100.0
AOS,open,69.45999908447266
AOS,close,68.29000091552734
AOS,volume,3274900.0
APA,open,35.560001373291016
APA,close,36.849998474121094
APA,volume,3844700.0
APD,open,291.010009765625
APD,close,294.3599853515625
APD,volume,930900.0
APH,open,74.72000122070312
APH,close,75.47000122070312
APH,volume,3307900.0
APTV,open,101.44000244140625
APTV,close,102.86000061035156
APTV,volume,1402800.0
ARE,open,122.80000305175781
ARE,close,124.18000030517578
ARE,volume,1196400.0
ATO,open,114.55999755859375
ATO,close,114.13999938964844
ATO,volume,684200.0
ATVI,open,77.66000366210938
ATVI,close,77.70999908447266
ATVI,volume,9823700.0
AVB,open,178.85000610351562
AVB,close,180.3699951171875
AVB,volume,1095300.0
AVGO,open,619.0700073242188
AVGO,close,626.5
AVGO,volume,1617800.0
AVY,open,169.99000549316406
AVY,close,174.47999572753906
AVY,volume,747900.0
AWK,open,148.36000061035156
AWK,close,148.25
AWK,volume,770000.0
AXP,open,157.3000030517578
AXP,close,161.33999633789062
AXP,volume,2379800.0
AZO,open,2654.840087890625
AZO,close,2663.31005859375
AZO,volume,106100.0
BA,open,204.50999450683594
BA,close,206.77999877929688
BA,volume,3709300.0
BAC,open,28.530000686645508
BAC,close,29.280000686645508
BAC,volume,45532800.0
BALL,open,52.849998474121094
BALL,close,53.18000030517578
BALL,volume,1155900.0
BAX,open,46.939998626708984
BAX,close,47.68000030517578
BAX,volume,6017900.0
BBWI,open,34.540000915527344
BBWI,close,35.099998474121094
BBWI,volume,3239600.0
BBY,open,73.63999938964844
BBY,close,74.5199966430664
BBY,volume,1645600.0
BDX,open,262.94000244140625
BDX,close,264.30999755859375
BDX,volume,1414200.0
BEN,open,26.510000228881836
BEN,close,26.8799991607666
BEN,volume,6365300.0
BF-B,open,65.12999725341797
BF-B,close,65.08999633789062
BF-B,volume,1482000.0
BG,open,92.12000274658203
BG,close,93.5999984741211
BG,volume,693300.0
BIIB,open,293.9100036621094
BIIB,close,304.2300109863281
BIIB,volume,1957700.0
BIO,open,437.9200134277344
BIO,close,450.7900085449219
BIO,volume,148100.0
BK,open,41.70000076293945
BK,close,42.59000015258789
BK,volume,3668000.0
BKNG,open,2631.18994140625
BKNG,close,2686.31005859375
BKNG,volume,295300.0
BKR,open,28.649999618530273
BKR,close,29.239999771118164
BKR,volume,5412600.0
BLK,open,659.8300170898438
BLK,close,671.2000122070312
BLK,volume,529000.0
BMY,open,67.13999938964844
BMY,close,66.7699966430664
BMY,volume,10694000.0
BR,open,143.39999389648438
BR,close,145.41000366210938
BR,volume,587200.0
BRK-B,open,325.44000244140625
BRK-B,close,328.54998779296875
BRK-B,volume,2909600.0
BRO,open,63.81999969482422
BRO,close,64.38999938964844
BRO,volume,1729100.0
BSX,open,51.880001068115234
BSX,close,52.119998931884766
BSX,volume,13505100.0
BWA,open,47.439998626708984
BWA,close,48.130001068115234
BWA,volume,1633300.0
BXP,open,52.63999938964844
BXP,close,53.36000061035156
BXP,volume,1485000.0
C,open,46.189998626708984
C,close,47.06999969482422
C,volume,15216400.0
CAG,open,37.84000015258789
CAG,close,37.959999084472656
CAG,volume,3624300.0
CAH,open,81.66999816894531
CAH,close,82.0999984741211
CAH,volume,2535000.0
CARR,open,41.560001373291016
CARR,close,41.81999969482422
CARR,volume,6033900.0
CAT,open,213.24000549316406
CAT,close,218.8000030517578
CAT,volume,4668800.0
CB,open,198.6199951171875
CB,close,201.55999755859375
CB,volume,2035400.0
CBOE,open,138.27000427246094
CBOE,close,139.6999969482422
CBOE,volume,553300.0
CBRE,open,75.94999694824219
CBRE,close,76.66000366210938
CBRE,volume,2075400.0
CCI,open,122.75
CCI,close,123.08999633789062
CCI,volume,2241400.0
CCL,open,8.84000015258789
CCL,close,9.210000038146973
CCL,volume,34107600.0
CDAY,open,63.119998931884766
CDAY,close,63.47999954223633
CDAY,volume,2886500.0
CDNS,open,207.8300018310547
CDNS,close,209.4499969482422
CDNS,volume,1996200.0
CDW,open,168.50999450683594
CDW,close,169.58999633789062
CDW,volume,1126300.0
CE,open,102.31999969482422
CE,close,106.23999786376953
CE,volume,1247200.0
CEG,open,76.9000015258789
CEG,close,77.4000015258789
CEG,volume,2233400.0
CF,open,69.41999816894531
CF,close,71.58000183105469
CF,volume,2584600.0
CFG,open,29.8700008392334
CFG,close,30.940000534057617
CFG,volume,12847600.0
CHD,open,97.7300033569336
CHD,close,97.12000274658203
CHD,volume,2458500.0
CHRW,open,99.8499984741211
CHRW,close,100.87000274658203
CHRW,volume,2102000.0
CHTR,open,345.6000061035156
CHTR,close,368.70001220703125
CHTR,volume,2874900.0
CI,open,249.6199951171875
CI,close,253.2899932861328
CI,volume,1111900.0
CINF,open,106.77999877929688
CINF,close,106.44000244140625
CINF,volume,1086500.0
CL,open,79.06999969482422
CL,close,79.80000305175781
CL,volume,9633400.0
CLX,open,166.38999938964844
CLX,close,165.6199951171875
CLX,volume,2356500.0
CMA,open,40.90999984741211
CMA,close,43.369998931884766
CMA,volume,3650800.0
CMCSA,open,40.040000915527344
CMCSA,close,41.369998931884766
CMCSA,volume,24805400.0
CME,open,183.9499969482422
CME,close,185.77000427246094
CME,volume,1158900.0
CMG,open,2031.1300048828125
CMG,close,2067.6201171875
CMG,volume,410700.0
CMI,open,230.77000427246094
CMI,close,235.0399932861328
CMI,volume,756100.0
CMS,open,62.630001068115234
CMS,close,62.2599983215332
CMS,volume,2377900.0
CNC,open,68.5999984741211
CNC,close,68.93000030517578
CNC,volume,2780700.0
CNP,open,30.690000534057617
CNP,close,30.469999313354492
CNP,volume,3674100.0
COF,open,93.0
COF,close,97.30000305175781
COF,volume,5343400.0
COO,open,378.20001220703125
COO,close,381.45001220703125
COO,volume,174300.0
COP,open,100.56999969482422
COP,close,102.88999938964844
COP,volume,6637400.0
COST,open,501.55999755859375
COST,close,503.2200012207031
COST,volume,1169400.0
CPB,open,55.0
CPB,close,54.29999923706055
CPB,volume,1947300.0
CPRT,open,77.76000213623047
CPRT,close,79.05000305175781
CPRT,volume,1570300.0
CPT,open,106.95999908447266
CPT,close,110.05000305175781
CPT,volume,764500.0
CRL,open,183.17999267578125
CRL,close,190.1199951171875
CRL,volume,584900.0
CRM,open,196.14999389648438
CRM,close,198.3699951171875
CRM,volume,4093900.0
CSCO,open,46.689998626708984
CSCO,close,47.25
CSCO,volume,19662000.0
CSGP,open,77.22000122070312
CSGP,close,76.94999694824219
CSGP,volume,3078800.0
CSX,open,30.3700008392334
CSX,close,30.639999389648438
CSX,volume,12036100.0
CTAS,open,451.739990234375
CTAS,close,455.7699890136719
CTAS,volume,285700.0
CTLT,open,47.029998779296875
CTLT,close,50.119998931884766
CTLT,volume,6067900.0
CTRA,open,25.1200008392334
CTRA,close,25.600000381469727
CTRA,volume,7268600.0
CTSH,open,59.36000061035156
CTSH,close,59.709999084472656
CTSH,volume,3370200.0
CTVA,open,60.61000061035156
CTVA,close,61.119998931884766
CTVA,volume,2980000.0
CVS,open,73.02999877929688
CVS,close,73.30999755859375
CVS,volume,8103000.0
CVX,open,164.5
CVX,close,168.5800018310547
CVX,volume,10033600.0
CZR,open,43.43000030517578
CZR,close,45.290000915527344
CZR,volume,2349100.0
D,open,57.369998931884766
D,close,57.13999938964844
D,volume,3129000.0
DAL,open,33.45000076293945
DAL,close,34.310001373291016
DAL,volume,11104900.0
DD,open,68.51000213623047
DD,close,69.72000122070312
DD,volume,3406500.0
DE,open,371.82000732421875
DE,close,378.0199890136719
DE,volume,1999300.0
DFS,open,100.66000366210938
DFS,close,103.47000122070312
DFS,volume,1491600.0
DG,open,222.16000366210938
DG,close,221.4600067138672
DG,volume,1345200.0
DGX,open,139.91000366210938
DGX,close,138.80999755859375
DGX,volume,1355000.0
DHI,open,108.63999938964844
DHI,close,109.81999969482422
DHI,volume,1988300.0
DHR,open,232.52999877929688
DHR,close,236.91000366210938
DHR,volume,4696500.0
DIS,open,99.37000274658203
DIS,close,102.5
DIS,volume,11319700.0
DISH,open,7.269999980926514
DISH,close,7.510000228881836
DISH,volume,7045200.0
DLR,open,100.83000183105469
DLR,close,99.1500015258789
DLR,volume,3889900.0
DLTR,open,154.0
DLTR,close,153.7100067138672
DLTR,volume,1195600.0
DOV,open,144.80999755859375
DOV,close,146.16000366210938
DOV,volume,1130600.0
DOW,open,53.2400016784668
DOW,close,54.400001525878906
DOW,volume,6013400.0
DPZ,open,318.3299865722656
DPZ,close,317.4700012207031
DPZ,volume,924900.0
DRI,open,151.38999938964844
DRI,close,151.92999267578125
DRI,volume,739700.0
DTE,open,113.4000015258789
DTE,close,112.41000366210938
DTE,volume,1088400.0
DUK,open,99.27999877929688
DUK,close,98.87999725341797
DUK,volume,1995000.0
DVA,open,88.0
DVA,close,90.36000061035156
DVA,volume,733600.0
DVN,open,52.119998931884766
DVN,close,53.43000030517578
DVN,volume,7658800.0
DXC,open,23.190000534057617
DXC,close,23.850000381469727
DXC,volume,1552600.0
DXCM,open,119.26000213623047
DXCM,close,121.33999633789062
DXCM,volume,3901500.0
EA,open,126.44000244140625
EA,close,127.27999877929688
EA,volume,1828600.0
EBAY,open,45.52000045776367
EBAY,close,46.43000030517578
EBAY,volume,6704400.0
ECL,open,166.0399932861328
ECL,close,167.83999633789062
ECL,volume,1200500.0
ED,open,99.08000183105469
ED,close,98.47000122070312
ED,volume,2316000.0
EFX,open,205.60000610351562
EFX,close,208.3800048828125
EFX,volume,810700.0
EIX,open,73.30000305175781
EIX,close,73.5999984741211
EIX,volume,1646700.0
EL,open,245.0
EL,close,246.72000122070312
EL,volume,1252900.0
ELV,open,464.9599914550781
ELV,close,468.6499938964844
ELV,volume,1083300.0
EMN,open,81.86000061035156
EMN,close,84.2699966430664
EMN,volume,1776000.0
EMR,open,82.44000244140625
EMR,close,83.26000213623047
EMR,volume,3020300.0
ENPH,open,163.32000732421875
ENPH,close,164.1999969482422
ENPH,volume,7874500.0
EOG,open,115.5199966430664
EOG,close,119.47000122070312
EOG,volume,2715900.0
EPAM,open,279.25
EPAM,close,282.44000244140625
EPAM,volume,488000.0
EQIX,open,715.0800170898438
EQIX,close,724.0800170898438
EQIX,volume,370200.0
EQR,open,62.04999923706055
EQR,close,63.25
EQR,volume,3662300.0
EQT,open,34.16999816894531
EQT,close,34.84000015258789
EQT,volume,9171500.0
ES,open,77.5999984741211
ES,close,77.61000061035156
ES,volume,2322000.0
ESS,open,213.44000244140625
ESS,close,219.72999572753906
ESS,volume,592800.0
ETN,open,167.3300018310547
ETN,close,167.1199951171875
ETN,volume,2140200.0
ETR,open,107.05000305175781
ETR,close,107.58000183105469
ETR,volume,1300400.0
ETSY,open,100.69000244140625
ETSY,close,101.02999877929688
ETSY,volume,2525500.0
EVRG,open,62.43000030517578
EVRG,close,62.11000061035156
EVRG,volume,970800.0
EW,open,87.19999694824219
EW,close,87.9800033569336
EW,volume,3305900.0
EXC,open,42.779998779296875
EXC,close,42.439998626708984
EXC,volume,11350100.0
EXPD,open,111.80000305175781
EXPD,close,113.83999633789062
EXPD,volume,1874400.0
EXPE,open,92.31999969482422
EXPE,close,93.95999908447266
EXPE,volume,1665300.0
EXR,open,151.0399932861328
EXR,close,152.0399932861328
EXR,volume,974200.0
F,open,11.59000015258789
F,close,11.880000114440918
F,volume,54996800.0
FANG,open,137.92999267578125
FANG,close,142.1999969482422
FANG,volume,1670900.0
FAST,open,54.04999923706055
FAST,close,53.84000015258789
FAST,volume,4344600.0
FCX,open,37.029998779296875
FCX,close,37.90999984741211
FCX,volume,9460600.0
FDS,open,408.4599914550781
FDS,close,411.69000244140625
FDS,volume,221300.0
FDX,open,223.6199951171875
FDX,close,227.77999877929688
FDX,volume,1608300.0
FE,open,41.150001525878906
FE,close,39.79999923706055
FE,volume,5304800.0
FFIV,open,132.0
FFIV,close,134.36000061035156
FFIV,volume,522100.0
FICO,open,719.219970703125
FICO,close,727.9500122070312
FICO,volume,412400.0
FIS,open,57.290000915527344
FIS,close,58.720001220703125
FIS,volume,5818000.0
FISV,open,119.48999786376953
FISV,close,122.12000274658203
FISV,volume,2767700.0
FITB,open,25.6299991607666
FITB,close,26.200000762939453
FITB,volume,6456700.0
FLT,open,211.2100067138672
FLT,close,213.9199981689453
FLT,volume,568300.0
FMC,open,121.44999694824219
FMC,close,123.58000183105469
FMC,volume,946200.0
FOX,open,30.003000259399414
FOX,close,30.540000915527344
FOX,volume,1243700.0
FOXA,open,32.689998626708984
FOXA,close,33.2599983215332
FOXA,volume,3838500.0
FRC,open,6.590000152587891
FRC,close,3.509999990463257
FRC,volume,166495600.0
FRT,open,96.87000274658203
FRT,close,98.88999938964844
FRT,volume,1221600.0
FSLR,open,184.67999267578125
FSLR,close,182.5800018310547
FSLR,volume,10337100.0
FTNT,open,62.66999816894531
FTNT,close,63.04999923706055
FTNT,volume,5596700.0
FTV,open,63.369998931884766
FTV,close,63.09000015258789
FTV,volume,2912600.0
GD,open,215.2100067138672
GD,close,218.33999633789062
GD,volume,2210500.0
GE,open,97.12999725341797
GE,close,98.97000122070312
GE,volume,5010800.0
GEHC,open,81.19999694824219
GEHC,close,81.33999633789062
GEHC,volume,1617600.0
GEN,open,17.639999389648438
GEN,close,17.670000076293945
GEN,volume,2917700.0
GILD,open,82.5199966430664
GILD,close,82.20999908447266
GILD,volume,10708800.0
GIS,open,88.79000091552734
GIS,close,88.62999725341797
GIS,volume,2383000.0
GL,open,106.83000183105469
GL,close,108.5199966430664
GL,volume,533100.0
GLW,open,32.63999938964844
GLW,close,33.220001220703125
GLW,volume,3867100.0
GM,open,32.41999816894531
GM,close,33.040000915527344
GM,volume,15505400.0
GNRC,open,99.95999908447266
GNRC,close,102.22000122070312
GNRC,volume,982000.0
GOOG,open,107.80000305175781
GOOG,close,108.22000122070312
GOOG,volume,23945500.0
GOOGL,open,107.04000091552734
GOOGL,close,107.33999633789062
GOOGL,volume,36123700.0
GPC,open,167.57000732421875
GPC,close,168.30999755859375
GPC,volume,766500.0
GPN,open,109.94000244140625
GPN,close,112.70999908447266
GPN,volume,3257700.0
GRMN,open,96.81999969482422
GRMN,close,98.16999816894531
GRMN,volume,585700.0
GS,open,340.04998779296875
GS,close,343.44000244140625
GS,volume,1712500.0
GWW,open,698.6900024414062
GWW,close,695.5700073242188
GWW,volume,448900.0
HAL,open,31.770000457763672
HAL,close,32.75
HAL,volume,8327800.0
HAS,open,59.400001525878906
HAS,close,59.220001220703125
HAS,volume,3469800.0
HBAN,open,11.100000381469727
HBAN,close,11.199999809265137
HBAN,volume,17237600.0
HCA,open,282.0
HCA,close,287.3299865722656
HCA,volume,1206400.0
HD,open,293.7699890136719
HD,close,300.5400085449219
HD,volume,4062300.0
HES,open,141.13999938964844
HES,close,145.05999755859375
HES,volume,1147400.0
HIG,open,69.58000183105469
HIG,close,70.98999786376953
HIG,volume,1737300.0
HII,open,201.27999877929688
HII,close,201.66000366210938
HII,volume,234500.0
HLT,open,141.3699951171875
HLT,close,144.02000427246094
HLT,volume,2050000.0
HOLX,open,84.37999725341797
HOLX,close,86.01000213623047
HOLX,volume,1126300.0
HON,open,199.0
HON,close,199.83999633789062
HON,volume,2863100.0
HPE,open,14.210000038146973
HPE,close,14.319999694824219
HPE,volume,8821600.0
HPQ,open,29.790000915527344
HPQ,close,29.709999084472656
HPQ,volume,6710500.0
HRL,open,40.5
HRL,close,40.439998626708984
HRL,volume,3939200.0
HSIC,open,81.05000305175781
HSIC,close,80.80999755859375
HSIC,volume,744200.0
HST,open,15.970000267028809
HST,close,16.170000076293945
HST,volume,6194900.0
HSY,open,271.5
HSY,close,273.05999755859375
HSY,volume,1129600.0
HUM,open,526.3599853515625
HUM,close,530.489990234375
HUM,volume,806100.0
HWM,open,43.52000045776367
HWM,close,44.290000915527344
HWM,volume,3270300.0
IBM,open,126.58000183105469
IBM,close,126.41000366210938
IBM,volume,5060500.0
ICE,open,107.30000305175781
ICE,close,108.93000030517578
ICE,volume,2179500.0
IDXX,open,483.04998779296875
IDXX,close,492.1600036621094
IDXX,volume,365600.0
IEX,open,207.25
IEX,close,206.32000732421875
IEX,volume,695000.0
IFF,open,95.0
IFF,close,96.95999908447266
IFF,volume,1764300.0
ILMN,open,203.66000366210938
ILMN,close,205.55999755859375
ILMN,volume,1022600.0
INCY,open,73.5999984741211
INCY,close,74.41000366210938
INCY,volume,1278700.0
INTC,open,31.979999542236328
INTC,close,31.059999465942383
INTC,volume,80229700.0
INTU,open,428.7300109863281
INTU,close,443.95001220703125
INTU,volume,2538000.0
INVH,open,33.0
INVH,close,33.369998931884766
INVH,volume,2907000.0
IP,open,33.25
IP,close,33.11000061035156
IP,volume,4202900.0
IPG,open,34.77000045776367
IPG,close,35.72999954223633
IPG,volume,4476200.0
IQV,open,183.0399932861328
IQV,close,188.22999572753906
IQV,volume,1802500.0
IR,open,56.880001068115234
IR,close,57.02000045776367
IR,volume,2479800.0
IRM,open,54.97999954223633
IRM,close,55.2400016784668
IRM,volume,1050100.0
ISRG,open,297.6199951171875
ISRG,close,301.2200012207031
ISRG,volume,1940400.0
IT,open,301.19000244140625
IT,close,302.4599914550781
IT,volume,648100.0
ITW,open,240.89999389648438
ITW,close,241.94000244140625
ITW,volume,1444300.0
IVZ,open,17.149999618530273
IVZ,close,17.1299991607666
IVZ,volume,3546300.0
J,open,115.51000213623047
J,close,115.45999908447266
J,volume,611400.0
JBHT,open,169.94000244140625
JBHT,close,175.2899932861328
JBHT,volume,966900.0
JCI,open,59.310001373291016
JCI,close,59.84000015258789
JCI,volume,2738000.0
JKHY,open,159.6699981689453
JKHY,close,163.33999633789062
JKHY,volume,923100.0
JNJ,open,162.80999755859375
JNJ,close,163.6999969482422
JNJ,volume,6023400.0
JNPR,open,29.600000381469727
JNPR,close,30.149999618530273
JNPR,volume,4320100.0
JPM,open,136.55999755859375
JPM,close,138.24000549316406
JPM,volume,9881800.0
K,open,69.36000061035156
K,close,69.7699966430664
K,volume,2403900.0
KDP,open,33.45000076293945
KDP,close,32.70000076293945
KDP,volume,19263100.0
KEY,open,10.8100004196167
KEY,close,11.260000228881836
KEY,volume,19577100.0
KEYS,open,141.4600067138672
KEYS,close,144.63999938964844
KEYS,volume,1949000.0
KHC,open,39.7400016784668
KHC,close,39.27000045776367
KHC,volume,7061100.0
KIM,open,18.979999542236328
KIM,close,19.190000534057617
KIM,volume,4686300.0
KLAC,open,385.9200134277344
KLAC,close,386.5400085449219
KLAC,volume,1326400.0
KMB,open,146.57000732421875
KMB,close,144.88999938964844
KMB,volume,2165700.0
KMI,open,17.040000915527344
KMI,close,17.149999618530273
KMI,volume,14690000.0
KMX,open,70.23999786376953
KMX,close,70.02999877929688
KMX,volume,1308800.0
KO,open,63.61000061035156
KO,close,64.1500015258789
KO,volume,13686700.0
KR,open,48.40999984741211
KR,close,48.630001068115234
KR,volume,4972500.0
L,open,56.790000915527344
L,close,57.56999969482422
L,volume,961200.0
LDOS,open,92.0199966430664
LDOS,close,93.26000213623047
LDOS,volume,1189100.0
LEN,open,111.87999725341797
LEN,close,112.80999755859375
LEN,volume,1507600.0
LH,open,223.77000427246094
LH,close,226.7100067138672
LH,volume,543000.0
LHX,open,201.1199951171875
LHX,close,195.14999389648438
LHX,volume,1923100.0
LIN,open,365.6300048828125
LIN,close,369.45001220703125
LIN,volume,1878900.0
LKQ,open,57.41999816894531
LKQ,close,57.72999954223633
LKQ,volume,1071100.0
LLY,open,398.0
LLY,close,395.8599853515625
LLY,volume,5349000.0
LMT,open,464.82000732421875
LMT,close,464.45001220703125
LMT,volume,1040000.0
LNC,open,20.899999618530273
LNC,close,21.729999542236328
LNC,volume,2550700.0
LNT,open,55.029998779296875
LNT,close,55.13999938964844
LNT,volume,1621600.0
LOW,open,204.60000610351562
LOW,close,207.8300018310547
LOW,volume,2451400.0
LRCX,open,519.260009765625
LRCX,close,524.0800170898438
LRCX,volume,1145800.0
LUV,open,29.8799991607666
LUV,close,30.290000915527344
LUV,volume,10928500.0
LVS,open,61.75
LVS,close,63.849998474121094
LVS,volume,4682200.0
LW,open,111.05000305175781
LW,close,111.80999755859375
LW,volume,782100.0
LYB,open,93.12999725341797
LYB,close,94.61000061035156
LYB,volume,3711000.0
LYV,open,67.13999938964844
LYV,close,67.77999877929688
LYV,volume,1725800.0
MA,open,372.5299987792969
MA,close,380.0299987792969
MA,volume,3103700.0
MAA,open,151.97999572753906
MAA,close,153.8000030517578
MAA,volume,627600.0
MAR,open,165.14999389648438
MAR,close,169.33999633789062
MAR,volume,1645900.0
MAS,open,53.900001525878906
MAS,close,53.5099983215332
MAS,volume,1979700.0
MCD,open,294.8299865722656
MCD,close,295.75
MCD,volume,2837200.0
MCHP,open,72.08999633789062
MCHP,close,72.98999786376953
MCHP,volume,4459900.0
MCK,open,362.8299865722656
MCK,close,364.239990234375
MCK,volume,918000.0
MCO,open,311.1400146484375
MCO,close,313.1199951171875
MCO,volume,578300.0
MDLZ,open,75.87999725341797
MDLZ,close,76.72000122070312
MDLZ,volume,14860900.0
MDT,open,91.3499984741211
MDT,close,90.94999694824219
MDT,volume,7281200.0
MET,open,60.06999969482422
MET,close,61.33000183105469
MET,volume,4721700.0
META,open,239.00999450683594
META,close,240.32000732421875
META,volume,39540500.0
MGM,open,43.02000045776367
MGM,close,44.91999816894531
MGM,volume,4888600.0
MHK,open,105.63999938964844
MHK,close,105.9000015258789
MHK,volume,1744500.0
MKC,open,87.66000366210938
MKC,close,87.8499984741211
MKC,volume,2218300.0
MKTX,open,312.989990234375
MKTX,close,318.3699951171875
MKTX,volume,297400.0
MLM,open,356.29998779296875
MLM,close,363.20001220703125
MLM,volume,342900.0
MMC,open,179.5800018310547
MMC,close,180.19000244140625
MMC,volume,2132000.0
MMM,open,105.30999755859375
MMM,close,106.22000122070312
MMM,volume,3983200.0
MNST,open,55.31999969482422
MNST,close,56.0
MNST,volume,3053300.0
MO,open,47.470001220703125
MO,close,47.5099983215332
MO,volume,11070400.0
MOH,open,296.6099853515625
MOH,close,297.8900146484375
MOH,volume,511100.0
MOS,open,41.88999938964844
MOS,close,42.849998474121094
MOS,volume,4501400.0
MPC,open,120.48999786376953
MPC,close,122.0
MPC,volume,5342200.0
MPWR,open,449.94000244140625
MPWR,close,461.9700012207031
MPWR,volume,425000.0
MRK,open,114.36000061035156
MRK,close,115.47000122070312
MRK,volume,8049900.0
MRNA,open,130.0399932861328
MRNA,close,132.88999938964844
MRNA,volume,3023400.0
MRO,open,23.540000915527344
MRO,close,24.15999984741211
MRO,volume,9050300.0
MS,open,89.44999694824219
MS,close,89.97000122070312
MS,volume,6374500.0
MSCI,open,462.6300048828125
MSCI,close,482.45001220703125
MSCI,volume,1107600.0
MSFT,open,304.010009765625
MSFT,close,307.260009765625
MSFT,volume,36446700.0
MSI,open,292.5799865722656
MSI,close,291.3999938964844
MSI,volume,887000.0
MTB,open,123.0
MTB,close,125.80000305175781
MTB,volume,1419800.0
MTCH,open,34.88999938964844
MTCH,close,36.900001525878906
MTCH,volume,6679100.0
MTD,open,1452.800048828125
MTD,close,1491.5
MTD,volume,85900.0
MU,open,62.43000030517578
MU,close,64.36000061035156
MU,volume,18088800.0
NCLH,open,12.880000114440918
NCLH,close,13.350000381469727
NCLH,volume,19835300.0
NDAQ,open,54.630001068115234
NDAQ,close,55.369998931884766
NDAQ,volume,2267800.0
NDSN,open,216.4600067138672
NDSN,close,216.30999755859375
NDSN,volume,440600.0
NEE,open,75.41000366210938
NEE,close,76.62999725341797
NEE,volume,10005800.0
NEM,open,47.9900016784668
NEM,close,47.400001525878906
NEM,volume,8036100.0
NFLX,open,325.239990234375
NFLX,close,329.92999267578125
NFLX,volume,4221900.0
NI,open,28.559999465942383
NI,close,28.459999084472656
NI,volume,3016100.0
NKE,open,125.1500015258789
NKE,close,126.72000122070312
NKE,volume,4420700.0
NOC,open,460.3699951171875
NOC,close,461.2699890136719
NOC,volume,708600.0
NOW,open,454.239990234375
NOW,close,459.4200134277344
NOW,volume,2360100.0
NRG,open,33.5
NRG,close,34.16999816894531
NRG,volume,1901000.0
NSC,open,199.63999938964844
NSC,close,203.02999877929688
NSC,volume,1211500.0
NTAP,open,63.54999923706055
NTAP,close,62.88999938964844
NTAP,volume,1967900.0
NTRS,open,76.62999725341797
NTRS,close,78.16000366210938
NTRS,volume,1477500.0
NUE,open,147.00999450683594
NUE,close,148.17999267578125
NUE,volume,1645500.0
NVDA,open,272.25
NVDA,close,277.489990234375
NVDA,volume,29168700.0
NVR,open,5798.7001953125
NVR,close,5840.0
NVR,volume,18400.0
NWL,open,12.050000190734863
NWL,close,12.149999618530273
NWL,volume,7579200.0
NWS,open,17.239999771118164
NWS,close,17.75
NWS,volume,863200.0
NWSA,open,17.15999984741211
NWSA,close,17.610000610351562
NWSA,volume,2754000.0
NXPI,open,161.0
NXPI,close,163.74000549316406
NXPI,volume,2969600.0
O,open,62.189998626708984
O,close,62.84000015258789
O,volume,3463900.0
ODFL,open,317.6099853515625
ODFL,close,320.3900146484375
ODFL,volume,1110500.0
OGN,open,24.329999923706055
OGN,close,24.6299991607666
OGN,volume,1937300.0
OKE,open,64.19000244140625
OKE,close,65.41000366210938
OKE,volume,1955900.0
OMC,open,89.91999816894531
OMC,close,90.56999969482422
OMC,volume,2034300.0
ON,open,69.97000122070312
ON,close,71.95999908447266
ON,volume,10264800.0
ORCL,open,94.2699966430664
ORCL,close,94.72000122070312
ORCL,volume,8498500.0
ORLY,open,916.3699951171875
ORLY,close,917.3099975585938
ORLY,volume,355700.0
OTIS,open,86.20999908447266
OTIS,close,85.30000305175781
OTIS,volume,1973800.0
OXY,open,60.70000076293945
OXY,close,61.529998779296875
OXY,volume,9716500.0
PARA,open,22.989999771118164
PARA,close,23.329999923706055
PARA,volume,9515900.0
PAYC,open,286.4700012207031
PAYC,close,290.3699951171875
PAYC,volume,944200.0
PAYX,open,108.55999755859375
PAYX,close,109.86000061035156
PAYX,volume,1854200.0
PCAR,open,73.8499984741211
PCAR,close,74.69000244140625
PCAR,volume,2316900.0
PCG,open,16.969999313354492
PCG,close,17.110000610351562
PCG,volume,10440400.0
PEAK,open,21.6299991607666
PEAK,close,21.969999313354492
PEAK,volume,3384600.0
PEG,open,63.400001525878906
PEG,close,63.20000076293945
PEG,volume,1846500.0
PEP,open,189.89999389648438
PEP,close,190.88999938964844
PEP,volume,4607500.0
PFE,open,38.70000076293945
PFE,close,38.88999938964844
PFE,volume,21003600.0
PFG,open,70.80999755859375
PFG,close,74.69000244140625
PFG,volume,1713400.0
PG,open,156.27999877929688
PG,close,156.3800048828125
PG,volume,5754000.0
PGR,open,134.30999755859375
PGR,close,136.39999389648438
PGR,volume,2188000.0
PH,open,324.07000732421875
PH,close,324.8800048828125
PH,volume,698800.0
PHM,open,66.45999908447266
PHM,close,67.1500015258789
PHM,volume,3064600.0
PKG,open,133.57000732421875
PKG,close,135.25999450683594
PKG,volume,645600.0
PKI,open,128.7899932861328
PKI,close,130.49000549316406
PKI,volume,562100.0
PLD,open,122.69999694824219
PLD,close,125.25
PLD,volume,3621000.0
PM,open,98.66000366210938
PM,close,99.97000122070312
PM,volume,3855100.0
PNC,open,126.70999908447266
PNC,close,130.25
PNC,volume,3942000.0
PNR,open,57.90999984741211
PNR,close,58.08000183105469
PNR,volume,3711700.0
PNW,open,78.6500015258789
PNW,close,78.45999908447266
PNW,volume,484600.0
PODD,open,314.30999755859375
PODD,close,318.0400085449219
PODD,volume,332400.0
POOL,open,341.4100036621094
POOL,close,351.32000732421875
POOL,volume,400300.0
PPG,open,139.05999755859375
PPG,close,140.25999450683594
PPG,volume,1518200.0
PPL,open,28.729999542236328
PPL,close,28.719999313354492
PPL,volume,3968800.0
PRU,open,85.30000305175781
PRU,close,87.0
PRU,volume,2577900.0
PSA,open,293.1000061035156
PSA,close,294.8299865722656
PSA,volume,948800.0
PSX,open,97.0199966430664
PSX,close,99.0
PSX,volume,2709400.0
PTC,open,122.79000091552734
PTC,close,125.79000091552734
PTC,volume,1048200.0
PWR,open,169.07000732421875
PWR,close,169.63999938964844
PWR,volume,727900.0
PXD,open,214.0
PXD,close,217.5500030517578
PXD,volume,2576600.0
PYPL,open,74.23999786376953
PYPL,close,76.0
PYPL,volume,10703800.0
QCOM,open,115.0999984741211
QCOM,close,116.80000305175781
QCOM,volume,8651300.0
QRVO,open,91.02999877929688
QRVO,close,92.08000183105469
QRVO,volume,1199400.0
RCL,open,62.58000183105469
RCL,close,65.43000030517578
RCL,volume,5582500.0
RE,open,371.42999267578125
RE,close,378.0
RE,volume,249600.0
REG,open,60.5
REG,close,61.43000030517578
REG,volume,731400.0
REGN,open,788.989990234375
REGN,close,801.7899780273438
REGN,volume,470400.0
RF,open,17.860000610351562
RF,close,18.260000228881836
RF,volume,8922300.0
RHI,open,72.97000122070312
RHI,close,73.0
RHI,volume,868300.0
RJF,open,88.66999816894531
RJF,close,90.52999877929688
RJF,volume,3132400.0
RL,open,114.75
RL,close,114.79000091552734
RL,volume,655900.0
RMD,open,228.3000030517578
RMD,close,240.9600067138672
RMD,volume,1251600.0
ROK,open,285.0
ROK,close,283.4100036621094
ROK,volume,849400.0
ROL,open,42.0
ROL,close,42.25
ROL,volume,2049900.0
ROP,open,452.0
ROP,close,454.7799987792969
ROP,volume,560600.0
ROST,open,105.38999938964844
ROST,close,106.7300033569336
ROST,volume,1420800.0
RSG,open,139.97999572753906
RSG,close,144.6199951171875
RSG,volume,2154500.0
RTX,open,99.06999969482422
RTX,close,99.9000015258789
RTX,volume,2875900.0
SBAC,open,255.6300048828125
SBAC,close,260.8900146484375
SBAC,volume,873400.0
SBUX,open,112.41999816894531
SBUX,close,114.29000091552734
SBUX,volume,5973400.0
SCHW,open,51.15999984741211
SCHW,close,52.2400016784668
SCHW,volume,12788300.0
SEDG,open,283.32000732421875
SEDG,close,285.6300048828125
SEDG,volume,1571300.0
SEE,open,47.15999984741211
SEE,close,47.9900016784668
SEE,volume,925900.0
SHW,open,233.24000549316406
SHW,close,237.5399932861328
SHW,volume,1911100.0
SJM,open,153.55999755859375
SJM,close,154.41000366210938
SJM,volume,910600.0
SLB,open,47.93000030517578
SLB,close,49.349998474121094
SLB,volume,8621200.0
SNA,open,258.8500061035156
SNA,close,259.4100036621094
SNA,volume,284700.0
SNPS,open,368.3900146484375
SNPS,close,371.32000732421875
SNPS,volume,743100.0
SO,open,73.54000091552734
SO,close,73.55000305175781
SO,volume,4598700.0
SPG,open,110.54000091552734
SPG,close,113.31999969482422
SPG,volume,1430200.0
SPGI,open,355.0299987792969
SPGI,close,362.5799865722656
SPGI,volume,1748200.0
SRE,open,155.97999572753906
SRE,close,155.49000549316406
SRE,volume,1312900.0
STE,open,186.17999267578125
STE,close,188.5500030517578
STE,volume,280800.0
STLD,open,103.37999725341797
STLD,close,103.94999694824219
STLD,volume,1246900.0
STT,open,70.55000305175781
STT,close,72.26000213623047
STT,volume,2058000.0
STX,open,57.18000030517578
STX,close,58.77000045776367
STX,volume,2891900.0
STZ,open,227.75
STZ,close,229.47000122070312
STZ,volume,695300.0
SWK,open,82.69000244140625
SWK,close,86.33999633789062
SWK,volume,3090800.0
SWKS,open,104.08999633789062
SWKS,close,105.9000015258789
SWKS,volume,1621300.0
SYF,open,28.920000076293945
SYF,close,29.510000228881836
SYF,volume,4730100.0
SYK,open,297.1499938964844
SYK,close,299.6499938964844
SYK,volume,1337700.0
SYY,open,75.0
SYY,close,76.73999786376953
SYY,volume,2717000.0
T,open,17.420000076293945
T,close,17.670000076293945
T,volume,40664000.0
TAP,open,58.970001220703125
TAP,close,59.47999954223633
TAP,volume,1906300.0
TDG,open,753.6199951171875
TDG,close,765.0
TDG,volume,167800.0
TDY,open,409.1000061035156
TDY,close,414.3999938964844
TDY,volume,202700.0
TECH,open,77.69000244140625
TECH,close,79.87999725341797
TECH,volume,817700.0
TEL,open,121.0999984741211
TEL,close,122.37000274658203
TEL,volume,1314000.0
TER,open,90.5199966430664
TER,close,91.37999725341797
TER,volume,1638700.0
TFC,open,31.079999923706055
TFC,close,32.58000183105469
TFC,volume,15198800.0
TFX,open,269.25
TFX,close,272.5199890136719
TFX,volume,284100.0
TGT,open,158.64999389648438
TGT,close,157.75
TGT,volume,3432600.0
TJX,open,78.88999938964844
TJX,close,78.81999969482422
TJX,volume,3448000.0
TMO,open,543.3200073242188
TMO,close,554.9000244140625
TMO,volume,2046900.0
TMUS,open,146.5
TMUS,close,143.89999389648438
TMUS,volume,9430100.0
TPR,open,40.58000183105469
TPR,close,40.810001373291016
TPR,volume,3751800.0
TRGP,open,74.08999633789062
TRGP,close,75.52999877929688
TRGP,volume,1094100.0
TRMB,open,46.689998626708984
TRMB,close,47.099998474121094
TRMB,volume,942200.0
TROW,open,110.9800033569336
TROW,close,112.33000183105469
TROW,volume,1139100.0
TRV,open,179.19000244140625
TRV,close,181.13999938964844
TRV,volume,1052700.0
TSCO,open,239.10000610351562
TSCO,close,238.39999389648438
TSCO,volume,1412700.0
TSLA,open,160.89999389648438
TSLA,close,164.30999755859375
TSLA,volume,122351000.0
TSN,open,61.560001373291016
TSN,close,62.4900016784668
TSN,volume,2942300.0
TT,open,185.89999389648438
TT,close,185.80999755859375
TT,volume,1295900.0
TTWO,open,123.80999755859375
TTWO,close,124.29000091552734
TTWO,volume,1511200.0
TXN,open,164.85000610351562
TXN,close,167.1999969482422
TXN,volume,6574400.0
TXT,open,65.5999984741211
TXT,close,66.94000244140625
TXT,volume,2643500.0
TYL,open,381.55999755859375
TYL,close,379.0299987792969
TYL,volume,299100.0
UAL,open,42.65999984741211
UAL,close,43.79999923706055
UAL,volume,5892000.0
UDR,open,41.25
UDR,close,41.33000183105469
UDR,volume,2770500.0
UHS,open,145.97000122070312
UHS,close,150.35000610351562
UHS,volume,772900.0
ULTA,open,546.0800170898438
ULTA,close,551.4299926757812
ULTA,volume,457400.0
UNH,open,488.69000244140625
UNH,close,492.0899963378906
UNH,volume,2398400.0
UNP,open,192.8699951171875
UNP,close,195.6999969482422
UNP,volume,1810100.0
UPS,open,176.83999633789062
UPS,close,179.80999755859375
UPS,volume,3439900.0
URI,open,354.5299987792969
URI,close,361.1099853515625
URI,volume,967000.0
USB,open,32.20000076293945
USB,close,34.279998779296875
USB,volume,25215200.0
V,open,228.64999389648438
V,close,232.72999572753906
V,volume,11627600.0
VFC,open,23.139999389648438
VFC,close,23.510000228881836
VFC,volume,4527500.0
VICI,open,33.189998626708984
VICI,close,33.939998626708984
VICI,volume,4758300.0
VLO,open,114.5
VLO,close,114.66999816894531
VLO,volume,4040300.0
VMC,open,172.27000427246094
VMC,close,175.1199951171875
VMC,volume,576500.0
VRSK,open,193.0
VRSK,close,194.11000061035156
VRSK,volume,867800.0
VRSN,open,212.19000244140625
VRSN,close,221.8000030517578
VRSN,volume,753300.0
VRTX,open,338.5
VRTX,close,340.7300109863281
VRTX,volume,1455400.0
VTR,open,47.380001068115234
VTR,close,48.04999923706055
VTR,volume,2173000.0
VTRS,open,9.210000038146973
VTRS,close,9.329999923706055
VTRS,volume,6905100.0
VZ,open,38.560001373291016
VZ,close,38.83000183105469
VZ,volume,19194400.0
WAB,open,97.31999969482422
WAB,close,97.66999816894531
WAB,volume,884600.0
WAT,open,297.55999755859375
WAT,close,300.3599853515625
WAT,volume,592500.0
WBA,open,35.13999938964844
WBA,close,35.25
WBA,volume,11878500.0
WBD,open,13.069999694824219
WBD,close,13.609999656677246
WBD,volume,16908600.0
WDC,open,33.09000015258789
WDC,close,34.439998626708984
WDC,volume,3912900.0
WEC,open,96.41000366210938
WEC,close,96.16999816894531
WEC,volume,1099500.0
WELL,open,78.25
WELL,close,79.22000122070312
WELL,volume,2314000.0
WFC,open,39.25
WFC,close,39.75
WFC,volume,20189300.0
WHR,open,136.6300048828125
WHR,close,139.58999633789062
WHR,volume,1059500.0
WM,open,162.85000610351562
WM,close,166.0500030517578
WM,volume,2227100.0
WMB,open,29.760000228881836
WMB,close,30.260000228881836
WMB,volume,5428300.0
WMT,open,151.2899932861328
WMT,close,150.97000122070312
WMT,volume,4693900.0
WRB,open,57.779998779296875
WRB,close,58.91999816894531
WRB,volume,2800600.0
WRK,open,29.56999969482422
WRK,close,29.93000030517578
WRK,volume,1698500.0
WST,open,356.7900085449219
WST,close,361.239990234375
WST,volume,1032600.0
WTW,open,224.0
WTW,close,231.60000610351562
WTW,volume,1164400.0
WY,open,29.790000915527344
WY,close,29.90999984741211
WY,volume,5863300.0
WYNN,open,109.98999786376953
WYNN,close,114.27999877929688
WYNN,volume,2653300.0
XEL,open,70.41999816894531
XEL,close,69.91000366210938
XEL,volume,2281200.0
XOM,open,117.25
XOM,close,118.33999633789062
XOM,volume,24374000.0
XRAY,open,41.34000015258789
XRAY,close,41.93000030517578
XRAY,volume,1912600.0
XYL,open,103.5
XYL,close,103.83999633789062
XYL,volume,1906400.0
YUM,open,139.94000244140625
YUM,close,140.5800018310547
YUM,volume,1555300.0
ZBH,open,138.1199951171875
ZBH,close,138.44000244140625
ZBH,volume,1496900.0
ZBRA,open,284.239990234375
ZBRA,close,288.0299987792969
ZBRA,volume,428100.0
ZION,open,26.389999389648438
ZION,close,27.860000610351562
ZION,volume,5652000.0
ZTS,open,174.22999572753906
ZTS,close,175.77999877929688
ZTS,volume,1606700.0
